Tools,Pearson Coef,P value
AccessFold,-0.224091,0.01791396
bifold,-0.1631459,0.06441191
bistarna,-0.3656014,0.0002302902
DuplexFold,-0.254141,0.008439401
IntaRNA,-0.2069071,0.02654466
NUPACK,-0.1314141,0.1111475
pairfold,-0.1891649,0.03877133
ractip,-0.4466035,6.46E-06
RIsearch,-0.04142939,0.3507673
RNAcofold,-0.1144853,0.1440932
RNAduplex,-0.3561302,0.0003303311
RNAhybrid,-0.2643444,0.006409564
RNAplex,-0.1634247,0.06408124
RNAup,-0.09359746,0.1928686
ssearch,-0.4136302,3.09E-05